{
  "title" : "Title",
  "price" : "$23.07",
  "name" : "Name",
  "description" : "Description",
  "qty" : "0",
  "progress_label" : "Step One",
  "label" : "Label",
  "primary_button_text" : "Primary Action",
  "secondary_button_text" : "Secondary Action",
  "circular_button" : "~",
  "photo" : "placeholder.png",
  "icon" : "<svg xmlns=\"http://www.w3.org/2000/svg\" width=\"37\" height=\"37\" viewBox=\"0 0 37 37\" xmlns:xlink=\"http://www.w3.org/1999/xlink\"> <defs> <rect id=\"a\" width=\"37\" height=\"37\" x=\"678\" y=\"98\" rx=\"3\"/> <mask id=\"b\" width=\"37\" height=\"37\" x=\"0\" y=\"0\" fill=\"white\"> <use xlink:href=\"#a\"/> </mask> </defs> <use fill=\"none\" fill-rule=\"evenodd\" stroke=\"#4C4C4C\" stroke-width=\"14\" mask=\"url(#b)\" xlink:href=\"#a\" transform=\"translate(-678 -98)\"/></svg>",
  "mainNavigation" : [
    { "title": "Living" },
    { "title": "Dining" },
    { "title": "Workspace" },
    { "title": "Books" },
    { "title": "Gifts" }
  ],
  "progressSteps" : [
    {
      "progress_label" : "Step One",
      "icon" : "<svg xmlns=\"http://www.w3.org/2000/svg\" width=\"37\" height=\"37\" viewBox=\"0 0 37 37\" xmlns:xlink=\"http://www.w3.org/1999/xlink\"> <defs> <rect id=\"a\" width=\"37\" height=\"37\" x=\"678\" y=\"98\" rx=\"3\"/> <mask id=\"b\" width=\"37\" height=\"37\" x=\"0\" y=\"0\" fill=\"white\"> <use xlink:href=\"#a\"/> </mask> </defs> <use fill=\"none\" fill-rule=\"evenodd\" stroke=\"#4C4C4C\" stroke-width=\"14\" mask=\"url(#b)\" xlink:href=\"#a\" transform=\"translate(-678 -98)\"/></svg>"
    },
    {
      "progress_label" : "Step Two",
      "icon" : "<svg xmlns=\"http://www.w3.org/2000/svg\" width=\"37\" height=\"37\" viewBox=\"0 0 37 37\" xmlns:xlink=\"http://www.w3.org/1999/xlink\"> <defs> <rect id=\"a\" width=\"37\" height=\"37\" x=\"678\" y=\"98\" rx=\"3\"/> <mask id=\"b\" width=\"37\" height=\"37\" x=\"0\" y=\"0\" fill=\"white\"> <use xlink:href=\"#a\"/> </mask> </defs> <use fill=\"none\" fill-rule=\"evenodd\" stroke=\"#4C4C4C\" stroke-width=\"14\" mask=\"url(#b)\" xlink:href=\"#a\" transform=\"translate(-678 -98)\"/></svg>"
    }
  ],
  "cart_count" : "0",
  "cart_items" : [
    {
      "item_price" : [{ "price" : "$0.00" }],
      "total_price" : [{ "price" : "$0.00" }]
    }
  ],
  "cart_total" : [{ "price" : "$0.00" }],
  "subhead" : "Subhead"
}
